Job Title,Max_Salary,jobsatifaction
"""ORACLE DBA""",400000,3.8
".NET Developer, Python",468000,3.9
.NET/Android Developer,100000,2.6
AEM Front End Developer - Intern,108000,3.5
ASAP Software Development Engineer,1138368,4.6
AVP-Java Developer,3000000,3.6
Ace - Android Development,1000000,4.6
Advanced Database Administrator,1800000,3.3
Advanced Python Developer,528000,3.8
Amazon Software Development Engineer,2100000,3.8
Amazon Software Development Engineer - Intern,800000,3.8
Amazon Software Development Engineer I,1300000,3.8
Amazon Software Development Engineer II,2800000,3.8
Amazon Software Development Engineer In Test,204000,3.8
Android,1000000,3.1
Android & Flutter Developer - Intern,456000,5.0
Android &amp; Flutter Developer,372000,3.2
Android - Intern,528000,3.0
Android App Developer,2000000,1.0
Android App Developer - Intern,588000,4.0
Android App Development,228000,3.0
Android Applications Developer,1300000,1.4
Android Applications Developer - Contractor,700000,3.7
Android Applications Developer - Intern,360000,3.7
Android Applications Develpoers,200000,4.1
Android Architect,3200000,3.7
Android Associate Trainee,200000,2.7
Android Develoiper,700000,4.0
Android Developer,7100000,1.0
Android Developer - Contractor,2000000,2.4
Android Developer - Intern,2200000,1.5
Android Developer Contractor,2021184,1.0
Android Developer Trainee,200000,3.6
Android Developer/Software Engineer,288000,4.1
Android Development,600000,3.0
Android Development - Intern,500000,1.0
Android Dvelopere,252000,2.8
Android Engineer,2900000,2.4
Android Engineer - Intern,348000,3.1
Android Framework Developer,800000,3.7
Android Framework Engineer,1500000,4.3
Android Ionic Developer,200000,4.0
Android Lead,1800000,3.6
Android Lead Developer,1500000,4.0
Android Mobile Developer,312000,4.2
Android Platform Developer - Intern,324000,4.3
Android Programmer,624000,4.5
Android Quality Engineer,960000,3.4
Android Software Developer,1300000,2.2
Android Software Developer - Intern,1104000,3.0
Android Software Engineer,3000000,2.3
Android Team Lead,3300000,4.0
Android Team Leader,3600000,3.6
Android Tech Lead,2500000,3.8
Android Technical Lead,2000000,3.8
Android Test Engineer,200000,3.9
Android Testing,200000,3.0
Android Trainee,240000,1.8
Android Trainee - Intern,168000,4.3
Android Trainee Contractor,72000,3.6
Android and Flutter Developer,700000,4.9
Android/IOS Developer,500000,3.8
Angular Front End Developer,700000,3.95
Apple Ios Development,216000,3.5
Applications Database Administrator,900000,3.8
Applications Developer/Python Developer,192000,4.2
Applications Development Associate (ASE Associate Software Engineer ),384000,4.1
Applications/Software Development/Support Or Engineer,2400000,2.6
As A Python Developer,400000,3.9
Assistant Manager Backend,672000,3.8
Associate Android Developer,264000,3.7
Associate Android Engineer,800000,4.6
Associate Backend Developer,400000,4.2
Associate Database Administrator,400000,3.5
Associate Database Engineer,1400000,3.6
Associate Developer - IOS,1100000,3.9
Associate Front End Developer,1900000,4.0
Associate Front End Engineer,1000000,4.0
Associate IOS Developer,216000,3.9
Associate Java Developer,700000,1.0
"Associate Member of Technical Staff (Software Development Engineer), L3",300000,4.0
Associate Oracle Database Administrator,1200000,3.4
Associate Professional Test Engineer,400000,3.5
Associate Python Developer,600000,4.2
Associate Software Development Engineer,1300000,3.1
Associate Software Development Engineer - II,1200000,3.9
Associate Software Development Engineer - Intern,444000,3.5
Associate Software Development Engineer I,100000,3.9
Associate Software Development Engineer In Test,800000,3.6
Associate Software Development Engineer-2,1200000,3.9
Associate Test Engineer,900000,3.6
Associate Web Developer,300000,3.8
Automation Test Engineer,900000,3.3
Automation Tester,400000,3.9
Back-end Developer (Python Django),400000,4.3
Backend,2100000,2.8
Backend - Intern,288000,3.6
Backend Associate,120000,2.9
Backend Developer,4200000,1.0
Backend Developer - Contractor,1600000,4.0
Backend Developer - Intern,1188000,2.0
Backend Developer Contractor,1152000,3.2
"Backend Developer, NodeJs - Intern",180000,4.6
Backend Engineer,3400000,1.9
Backend Engineer (Python),600000,3.5
Backend Engineer - Intern,1000000,3.0
Backend Engineer Head,3600000,1.6
Backend Engineering,924000,4.2
Backend Engineering - Intern,288000,3.9
Backend Executive,336000,2.8
Backend Executive & Supporting Staff,96000,4.2
Backend Java Developer,500000,3.9
Backend Lead Developer,1300000,2.9
Backend Operation,144000,3.5
Backend Operations,588000,3.8
Backend Process,456000,2.6
Backend Process - Contractor,300000,3.9
Backend Software Developer,1700000,3.9
Backend Software Engineer,2300000,2.4
Backend Software Engineer - Intern,300000,4.2
Backend Software Engineer At Myntra,1700000,4.1
Backend Support,132000,4.1
Backend Support Executive,300000,3.8
Backend Web Developer,800000,3.8
Backend Web Developer - Intern,228000,3.6
Best Buy Mobile - Sales Consultant,500000,4.1
Best Buy Mobile Sales Associate,9600000,3.9
"C Developer, Python Developer",500000,3.7
C and Python Developer,216000,3.3
Chargeback Backend,200000,3.7
Clinical Database Programmer,2400000,3.9
Cloud Database Engineer,1500000,3.7
Consultant Database Administrator,2700000,4.3
Core Java Developer,708000,3.5
Csa Front End,324000,3.8
Csa Front End - Contractor,200000,3.7
DB Administrator,700000,3.5
DB2 Database Administrator,1000000,3.3
Database Administration,300000,4.0
Database Administrative,2300000,3.7
Database Administrator,4000000,2.9
Database Administrator (DBA),1400000,3.2
Database Administrator (DBA) Oracle,516000,3.8
Database Administrator (Database Administrator),4400000,1.0
Database Administrator (Database Administrator) - Contractor,4100000,3.8
Database Administrator (Database Administrator) - Intern,456000,3.3
Database Administrator (Database Administrator) Contractor,528000,3.8
Database Administrator (Database Administrator) Oracle,2000000,3.5
Database Administrator - Contractor,1100000,3.4
Database Administrator - Intern,204000,3.1
Database Administrator Advisor,1400000,4.3
Database Administrator Associate,192000,4.8
Database Administrator Consultant,1000000,3.4
Database Administrator Contractor,300000,3.9
Database Administrator Developer,800000,4.1
Database Administrator II,1500000,4.0
Database Administrator Lead,2300000,4.0
Database Administrator Specialist,1500000,4.1
Database Administrator/Developer,800000,3.8
Database Administrators,1700000,3.7
Database Analyst,2400000,3.6
Database Analyst Contractor,528000,3.9
Database Architect,3300000,3.7
Database Architect/Developer,2900000,3.9
Database Consultant,1000000,3.6
Database Designer,2600000,3.5
Database Developer,2300000,2.9
Database Developer - Contractor,500000,3.3
Database Developer II,600000,3.8
Database Engineer,2400000,3.7
Database Engineer - Contractor,900000,3.0
Database Lead,2500000,3.8
Database Manager,1900000,3.3
Database Programmer,500000,3.1
Database Software Engineer,700000,3.9
Database Specialist,1600000,2.9
Development Expert-lead Software Engineer,1700000,3.9
ETL Data engineer Python,400000,3.8
ETL Tester,500000,3.3
Embedded Python Engineer,348000,4.0
Embedded Software Development Engineer,800000,3.9
"Engineer - I, Embedded Software Development",600000,3.8
Engineer - Software Development,1000000,3.5
Engineer -Testing,480000,4.1
Engineer Software Development,900000,4.1
Engineer- Front End CAD,1500000,4.1
Entry Level Java Developer,500000,2.7
Entry Level Java Developer Contractor,576000,3.6
Ethical Hacking and Python,936000,4.4
Flutter/Android Developer,200000,4.3
Freelance Android Mobile Developer,800448,4.2
Fresher - Java Developer,180000,4.1
Fresher Front End,360000,4.0
Freshers Java Applications Developer,180000,3.8
Front End,840000,3.4
Front End - Intern,756000,3.5
Front End Analyst,700000,4.0
Front End Architect,1400000,3.5
Front End Assistant,200000,3.6
Front End Associate,2000000,3.9
Front End Cashier,700000,3.3
Front End Chasier,228000,3.9
Front End Designer,700000,4.2
Front End Designer - Intern,60000,4.0
Front End Dev,636000,4.1
Front End Developer,5400000,1.0
Front End Developer (Angular),600000,4.9
Front End Developer (React JS),400000,3.9
Front End Developer - Angular,240000,3.8
Front End Developer - Contractor,1500000,3.1
Front End Developer - Intern,1200000,1.5
Front End Developer - Javascript/HTML5,312000,4.0
Front End Developer Contractor,1450944,3.2
Front End Developer SS3,3400000,3.3
Front End Developer and Designer,288000,4.0
"Front End Developer, UI Designer, UI Developer, User Experience Designer, HTML5 Developer",1000000,3.5
Front End Development,400000,3.8
Front End Development Manager,228000,5.0
Front End Development Senior Analyst,852000,4.1
Front End Engineer,2500000,3.0
Front End Engineer - Intern,60000,4.0
Front End Engineer Contractor,168000,3.8
Front End Engineer II,3300000,3.8
Front End Engineer III,1800000,3.9
Front End Engineering - Intern,336000,4.4
Front End Eveloper,500000,4.0
Front End Lead,3300000,3.6
Front End Manager,1700000,4.2
Front End React Developer,1200000,3.7
Front End React Developer - Intern,400000,4.3
Front End Service Clerk/Cashier,216000,4.5
Front End Software Engineer,200000,4.3
Front End Software Engineer - Intern,96000,4.7
Front End Team Leader,876000,4.0
Front End UI Developer,1900000,2.5
Front End UI Developer - Intern,204000,4.1
Front End Web Deceloper,1200000,3.8
Front End Web Developer,2000000,1.0
Front End Web Developer - Contractor,700000,3.3
Front End Web Developer - Intern,500000,2.9
Front End Web Developer Contractor,120000,4.2
Front End Web Developer/Designer,400000,4.2
Front End Web Developer/Web Designer,312000,3.3
Front End Web Development,500000,4.1
Front-End Architect,4700000,3.7
Front-End Chief Angular Architect,600000,3.5
Front-End Developer,900000,3.3
Front-End Developer - Intern,2065536,1.0
Front-End Engineer,612000,3.5
Front-End Engineer - Intern,180000,4.0
Front-End Web Developer,348000,3.9
Front-End Web Developer - Intern,252000,4.0
Front-End Web Deveoloper,300000,3.9
Front-end - Intern,4900000,4.0
Front-end Web Developer (Software Engineer),600000,3.9
Full Stack Android Developer,900000,3.9
Full Stack Front End Developer,1400000,3.7
Full Stack Java Developer,7700000,3.1
Full Stack Java Developer - Contractor,400000,4.5
Full Stack Java Developer - Intern,132000,3.8
Full Stack Java Developer Contractor,124608,3.5
Full Stack Mobile Developer,180000,2.9
Full Stack Python Developer,1200000,3.6
Full Stack Python Developer Contractor,60000,4.0
Full Stack Web Developer,300000,4.1
"Game Developer ( Android, Windows)",700000,4.4
Game Tester,200000,3.6
Good Scope As A Python Developer,1200000,4.5
Good Scope As A Python Developer - Contractor,500000,1.0
Graduate Software Development Engineer,1600000,4.0
Guidewire Tester,200000,3.8
"Hadoop, Python, Jsp Servlet, C++ Developer - Intern",1200000,3.8
Head of Mobile Development,1000000,4.5
Hybrid Mobile Applications Developer,192000,3.2
I Am Working With Globallogic As A Senior Android Developer,300000,4.0
IOS & Android Developer,684000,4.0
IOS App Review WWDR,132000,3.7
IOS Applications Developer,3800000,1.9
IOS Applications Developer - Contractor,300000,3.8
IOS Applications Developer - Intern,1100000,3.6
IOS Applications Developer Contractor,588000,3.7
IOS Applications Developer-2,700000,4.1
IOS Dev,588000,2.0
IOS Dev - Intern,72000,3.85
IOS Developee,120000,4.0
IOS Developeer,1300000,3.1
IOS Developer,5200000,1.0
IOS Developer - Contractor,1700000,3.3
IOS Developer - Intern,1047552,1.0
IOS Developer - Trainee - Intern,168000,3.6
IOS Developer Contractor,612000,3.4
IOS Developer L2,700000,3.9
IOS Developer Trainee,120000,4.9
IOS Developers,100000,4.6
IOS Development,1700000,2.6
IOS Development - Intern,372000,2.5
IOS Development Contractor,528000,3.7
IOS Engineer,3400000,2.3
IOS Engineer - Contractor,1100000,3.6
IOS Engineer - Intern,240000,3.2
IOS Engineer Contractor,36000,4.0
IOS Lead,2400000,3.6
IOS Software Developer,1900000,2.2
IOS Software Developer - Intern,240000,3.5
IOS Team Lead,3600000,3.9
IT Software Development Engineer,1000000,4.3
IT Software Development Engineer II,2700000,4.4
IT Software Development Engineer In Test LEAD,2400000,4.4
Intermediate Software Development Engineer,1000000,4.2
Ios - Intern,264000,3.8
Ios App Developer,700000,1.0
Ios App Developer - Intern,24000,4.7
Ios Mobile Developer,600000,3.6
Ios Software Engineer,1400000,3.3
JAVA/J2EE Developer At TCS,372000,3.9
JJava Developer,700000,3.9
Java,800000,2.4
Java - Intern,120000,3.7
Java Andriod Developer,100000,3.8
Java Applications Developer,1300000,3.3
Java Architect,2000000,3.5
Java Back-end Developer,300000,3.9
Java Backend Developer,312000,3.3
Java Backend Developer (),1600000,3.1
Java Backend Web Developer,500000,3.3
Java Consultant,800000,3.7
Java Deceloper,400000,4.0
Java Delevoper,100000,3.8
Java Developeer,600000,3.8
Java Developeer - Intern,288000,4.2
Java Developer,4700000,1.0
Java Developer - Contractor,1700000,3.0
Java Developer - Intern,700000,3.5
Java Developer Associate,400000,3.7
Java Developer Contractor,456000,3.4
Java Developer Fresher,180000,3.4
Java Developer Trainee,1100000,3.1
Java Developer and Front End Developer - Intern,300000,3.8
Java Developer(Fresher),200000,4.3
Java Developer(Java Microservice Developer),500000,3.3
Java Developer/Mobile App Developer,600000,3.8
Java Developing,684000,4.0
Java Deveploer,120000,3.9
Java Devloper- Entry Level,400000,4.0
Java Devlopers,800000,3.7
Java Devoleper,300000,4.1
Java Engineer,700000,4.7
Java Fresher,300000,4.1
Java Full Stack Developer,2100000,3.2
Java Full Stack Developer - Intern,72000,3.7
Java Full Stack Engineer - Intern,144000,3.8
Java Fullstack Developer,1300000,3.8
Java Fullstack Developer - Intern,700000,3.7
Java J2EE Developer,1200000,4.1
Java Jee Developer,200000,4.1
Java Lead,1500000,3.3
Java Lead Developer,1600000,3.6
Java Manager,1000000,4.3
Java Production Support,600000,3.8
Java Programmer,1000000,3.0
Java Programmer - Contractor,800000,3.6
Java Programmer - Intern,228000,4.0
Java Programmer Analyst,600000,3.1
Java Programmer/Oracle,300000,3.6
Java SOA Developer,1200000,4.1
Java SSE,2500000,2.6
Java SSE - Contractor,600000,4.0
Java SSE Contractor,120000,3.4
Java Script Developer,312000,3.6
Java Senior Developer,1500000,3.6
Java Senior Software Engineer,444000,4.0
Java Software Developer,1200000,2.7
Java Software Developer - Intern,228000,3.9
Java Software Developer Contractor,312000,3.9
Java Software Engineer,800000,2.7
Java Software Engineer Contractor,31680,3.4
Java Spring Boot Developer,1200000,3.3
Java Team Leader,900000,3.5
Java Tech Lead,1400000,3.3
Java Technical Lead,1900000,3.3
Java Trainee,400000,3.3
Java Trainee - Intern,180000,3.9
Java Trainer,636000,1.4
Java Web Developer,700000,3.8
Java With Spring Boot Developer,1000000,4.1
Java and Dot Net Developer,300000,3.8
Java and J2EE Developer,1500000,4.2
Java/Big Data Developer,720000,3.6
Java/J2EE Developer,1100000,2.9
Java/J2EE Developer - Contractor,600000,3.3
Java/J2EE Developer - Intern,120000,2.0
Java/J2EE Programmer,700000,3.8
Java/J2EE Software Engineer,444000,3.5
Jr Backend Developer,216000,4.3
Jr Backend Developer - Intern,60000,3.6
Jr Python Developer,400000,2.0
Jr Software Engineer Development in Test,228000,3.9
Jr iOS developer,312000,4.2
Jr. iOS Developer,500000,1.9
Junior Android App Developer,252000,4.2
Junior Android Developer,648000,2.7
Junior Android Developer - Intern,500000,3.4
Junior Android Engineer,300000,4.7
Junior Backend Developer,1800000,2.6
Junior Backend Developer - Intern,288000,3.6
Junior Backend Engineer,100000,4.3
Junior Database Administrator,800000,3.6
Junior Developer - SQL/Python/Java/SAP ABAP,400000,4.0
Junior Front End Developer,1100000,3.2
Junior Front End Engineer,900000,4.4
Junior Front End/Angular Developer,156000,3.9
Junior Front-End Web Developer,400000,4.0
Junior Front-End Web Developer - Intern,400000,4.0
Junior Front-End Web Developer Contractor,288000,4.0
Junior Front-end Developer,400000,2.0
Junior IOS Developer,1900000,1.0
Junior IOS Developer - Intern,1140000,3.8
Junior Java Developer,3000000,1.0
Junior Java Developer - Contractor,700000,3.8
Junior Java Developer - Intern,1116000,3.2
Junior Java Developer Contractor,444000,3.2
Junior Java Developer/Software Engineer,324000,4.0
Junior Java Developr,300000,4.2
Junior Java Programmer,300000,4.1
Junior Python Developer,700000,3.0
Junior Python Developer - Intern,1000000,3.9
Junior Python Developer Contractor,600000,4.5
Junior Python/Django Developer,288000,2.6
"Junior Software Developer, Java Trainer",216000,4.4
Junior Software Development Engineer,1200000,3.3
Junior Software Test Automation Engineer,200000,3.9
Junior Test Automation Engineer,500000,3.9
Junior Test Engineer,500000,3.9
Juspay Software Development Engineer bengulore,300000,4.1
Lead Android Developer,2900000,3.3
Lead Android Engineer,2100000,3.6
Lead Backend Developer,2300000,3.6
Lead Backend Engineer,984000,4.1
Lead Backend Engineer - Intern,120000,5.0
Lead Database Administrator,3200000,1.9
Lead Database Administrator - Contractor,2600000,3.3
Lead Developer BackEnd,500000,4.5
Lead Engineer - Python,204000,3.7
Lead Front End,600000,3.9
Lead Front End Developer,2900000,3.7
Lead Front End Engineer,1700000,4.1
Lead Front-End Developer,1200000,3.8
Lead IOS Developer,3500000,2.8
Lead IOS Engineer,2400000,3.6
Lead Java Developer,2200000,3.7
Lead Mobile Developer,1700000,4.1
Lead Oracle Database Administrator,2500000,3.8
Lead Python Developer,1600000,3.2
Lead Python Developer (Data Science),480000,5.0
Lead SQL Database Administrator,1800000,3.8
Lead Software Development Engineer,4500000,1.6
Lead Software Development Engineer In Test,2900000,3.1
Lead Software Development Engineer In Test (SDET),2500000,3.4
Lead Software Development Engineer In Test (SDET) II,3300000,4.4
Lead Software Development Engineer In Test Engineer,200000,4.8
Lead Software Test Engineer,1000000,3.9
"Lead UI Designer, Magento Front-end Developer",9900000,3.7
"Lead, IOS Team",384000,3.5
Level II Mobile Technician,252000,5.0
MACH Software Development Engineer,1100000,4.4
ML Developer Python NLP,500000,3.9
Magento II Backend Developer,300000,4.8
Mainframe DB2 Database Administrator,800000,3.3
Mainframe DB2 Database Administrator - Contractor,2100000,4.7
"Manager, Database Administration",4000000,3.2
"Manager, Software Development & Engineering",3500000,4.0
Manual QA Tester,180000,3.9
Manual Test Engineer,500000,3.6
Manual Tester,500000,3.6
Manual Testing,400000,3.8
Microsoft SQL Server Database Administrator,1800000,3.8
Microsoft SQL Server Database Administrator - Contractor,500000,3.7
Microsoft Software Development Engineer,4300000,3.3
Microsoft Software Development Engineer (SDE) II,2100000,4.4
Microsoft Software Development Engineer - Intern,4300000,4.3
Microsoft Software Development Engineer In Test - Intern,588000,4.4
Middle IOS Developer,1700000,1.0
Middle Python Developer,500000,1.0
Mobile App Developer,2099328,2.9
Mobile App Developer - Contractor,800000,4.4
Mobile App Developer - Intern,1000000,3.0
Mobile App Development,5000000,4.0
Mobile Applications Architect,1800000,4.1
Mobile Applications Developer,2200000,2.8
Mobile Applications Developer - Intern,120000,4.0
Mobile Applications Developer Trainee,240000,4.3
Mobile Applications Development - Intern,372000,3.7
Mobile Applications Tester,600000,3.3
Mobile Architect,3100000,3.3
Mobile Crane Operator,324000,3.9
Mobile Developer,2700000,2.2
Mobile Developer (IOS),1100000,3.7
Mobile Developer - Intern,588000,2.6
Mobile Developer II,1400000,3.8
Mobile Developer Solution - IOS Developer,400000,3.9
Mobile Device Management - Contractor,300000,3.4
Mobile Engineer,2800000,1.0
Mobile Expert,576000,2.4
Mobile Frontend Developer,500000,3.8
Mobile Game Developer,400000,4.0
Mobile Lead,1400000,3.6
Mobile Mapping Engineer,228000,3.4
Mobile Marketing Manager,2200000,4.1
Mobile Phone Repair Technician,576000,5.0
Mobile Phone Technician,204000,3.4
Mobile Platform Developer,1400000,4.4
Mobile Repair Technician,228000,3.0
Mobile Service Manager,324000,3.6
Mobile Software Developer,200000,3.9
Mobile Team Lead,5200000,3.9
Mobile Tech Lead,900000,4.9
Mobile Technician,456000,3.4
Mobile Technician Contractor,240000,3.7
Mobile Test Engineer,1000000,3.4
Mobile Tester,2000000,3.7
Mobile Testing,1600000,4.1
Mobile UI/User Experience Designer,696000,4.3
Modem Test Engineer,1200000,4.1
MongoDB Database Administrator,700000,3.9
Ms SQL Database Administrator,200000,4.1
Ms SQL Database Administrator - Contractor,700000,3.6
Ms SQL Server Database Administrator,800000,3.6
Ms SQL Server Database Administrator Contractor,924000,4.0
Mssql Database Administrator,1300000,3.5
Mysql Database Administrator,2100000,3.3
Mysql Database Administrator Contractor,756000,3.7
Node Js Backend Developer,420000,3.7
NodeJS Backend Developer,576000,3.0
NodeJS Backend Developer - Intern,576000,3.5
Non Software Development Engineer,9800000,4.2
Operations Backend,240000,3.7
"Oracle ADF/Java Developer, Database, Weblogic Some Ops/Administrative",1400000,3.7
Oracle Applications Database Administrator,1500000,3.3
Oracle Applications Database Administrator (Database Administrator),1300000,3.3
Oracle Applications Database Administrator - Contractor,1500000,3.9
Oracle Database Administrator,10000000,2.4
Oracle Database Administrator - Contractor,900000,3.3
Oracle Database Administrator - Intern,228000,3.6
Oracle Database Administrator Contractor,924000,3.3
Oracle Database Administrator/Developer,400000,3.7
Oracle Database Developer,600000,2.1
"PHP development, Full Stack Web Developer/Web Designer - Intern",126000,3.0
PL/SQL - Java Developer,1000000,4.0
PMTS Software Development Engineer,2900000,3.8
Peoplesoft Database Administrator,1400000,3.0
Performance Test Engineer,600000,3.3
PostgreSQL Database Administrator,1400000,4.2
Principal Database Administrator,3400000,3.9
Principal Front End Engineer,3500000,4.0
Principal Mobile Architect,4800000,3.7
Principal Software Development Engineer,3700000,3.5
Principal Software Development Engineer In Test,1700000,3.8
Product Developer(IOS),300000,4.3
Product Engineer (Android),1800000,4.4
Product Test Specialist,700000,3.8
Production Database Administrator - Contractor,1400000,4.1
Professional Front End Developer,360000,4.8
Professional-1 Test Engineer,500000,3.5
"Project Engineer, Java Fresher",400000,3.8
Python,1500000,3.3
Python (AI/Ml) Developer,1000000,3.4
Python - Internee,400000,4.4
Python - Internee - Intern,288000,3.7
Python AI Developer,700000,3.4
Python AI Developer - Intern,60000,3.0
Python AWS Developer,1000000,3.5
Python Analyst,500000,3.7
Python Automation - Intern,1000000,3.7
Python Automation Engineer,1400000,3.6
Python Automation Engineer - Contractor,1100000,4.1
Python Automation QA,1200000,3.7
Python Automation QA - Contractor,300000,3.9
Python Automation Tester,700000,4.1
Python Automation Tester - Contractor,800000,4.0
Python Backend Developer,700000,4.0
Python Bigdata Engineer,1600000,3.7
Python Content Developer,732000,4.5
Python Content Development In IIT Madras Online Degree,456000,4.5
Python Data scientist,1500000,4.0
Python Developer,6900000,1.0
Python Developer - Contractor,1200000,3.8
Python Developer - Intern,1000000,2.4
Python Developer Contractor,696000,3.2
Python Developer Fresher,288000,3.3
Python Developer Trainee,132000,3.3
"Python Developer, Data Science",600000,3.7
Python Developer/Nodejs Developer,800000,4.1
Python Developer/Plsql Developer,500000,4.1
Python DeveloperPosition - Intern,120000,3.9
Python Development - Intern,120000,4.1
Python Devolper,1239744,4.5
Python Django Developer Trainee - Intern,60000,4.2
Python Engineer,1300000,3.6
Python Engineer - Intern,144000,4.0
Python Engineer/DevOps,300000,3.3
Python Freelance Trainer,1453056,4.0
Python Fresher,500000,3.8
Python Full Stack Developer,800000,3.5
Python Full Stack Developer - Contractor,600000,3.7
Python Full Stack Developer - Intern,500000,4.0
Python Instructor,516000,4.4
Python Junior Developer,180000,4.3
Python Lead Developer,300000,5.0
Python ML Developer,348000,3.9
Python Programmer,1176000,3.5
Python Programmer - Intern,700000,3.2
Python Programmer Contractor,100000,4.6
Python QA,600000,3.3
Python Senior Developer,200000,4.2
Python Software Developer,300000,3.4
Python Software Engineer - Intern,60000,3.8
Python Test Engineer,2900000,3.3
Python Tester/Programmer,360000,3.8
Python Testing and Debugging,1400000,3.1
Python Trainee,396000,3.2
Python Trainer,1146816,3.0
Python Web Developer,600000,3.7
Python and Iot Developer,300000,3.9
Python and Machine Learning Analyst,100000,4.0
Python and Shell Scripting Developer,700000,4.1
Python/Data Engineer,400000,4.9
Python/Django Developer,1500000,1.0
Python/Django Developer - Contractor,900000,4.5
Python/Django Developer - Intern,960000,2.0
Python/Django Developer Contractor,348000,4.1
Python/Odoo Developer,1152000,2.2
Python/Pyspark,600000,3.8
QA - Game Tester - Contractor,300000,4.1
QA - Game Tester Contractor,180000,3.6
"QA Analyst, Automation Test Engineer",500000,3.9
QA Analyst/ETL Tester,500000,3.8
QA Functional Tester,500000,3.8
QA Test Analyst,300000,3.3
QA Test Engineer,500000,3.3
QA Test Lead,800000,3.3
QA Tester,500000,3.6
QA Tester - Contractor,300000,4.0
QA Tester Contractor,204000,4.1
QA Tester II - Contractor,400000,4.1
Rakuten Mobile,1900000,3.3
React Front End Developer,1500000,4.1
React Js Front End Developer,672000,4.6
React Native and Python Developer - Intern,180000,4.5
ReactJS/Redux Front-End Developer,900000,4.2
Research Software Development Engineer - Intern,612000,4.4
Research and Development Engineer Software,1800000,3.5
SAP Database Administrator,400000,3.9
SDE-1 Backend Developer,1900000,4.7
SDE-2 Backend,3300000,3.4
SDE-2 Front End,2200000,4.4
SDE2 - Python,1200000,4.0
SDE2(Android),3400000,3.4
SMTS Software Development Engineer,4200000,4.2
SQL Database Administrator,1400000,3.1
SQL Database Administrator Contractor,100000,4.3
SQL Database Developer,600000,2.6
"SQL Developer, Java Developer",180000,3.9
SQL Server DBA,1600000,3.8
SQL Server Database Administrator,3400000,2.5
SQL Server Database Administrator - Contractor,7300000,3.7
SQL Server Database Administrator - Intern,348000,3.8
SQL Server Database Administrator Contractor,792000,3.6
SQL-DBA,1300000,3.5
SQL-DBA - Contractor,700000,3.5
SR. IOS Applications DEVELOPER,1000000,3.8
SSE Testing,700000,4.1
Selenium Automation Test Engineer,500000,3.3
Semi Senior IOS Developer,180000,3.4
Sen Ios Developer,800000,3.7
Senior Analyst (IOS/IPhone),900000,4.2
Senior Analyst Backend Developer,400000,3.6
Senior Android Applications Developer,2300000,2.0
Senior Android Developer,3900000,1.0
Senior Android Developer Contractor,996000,3.6
Senior Android Developer and Team Lead,1400000,2.9
Senior Android Engineer,3800000,3.0
Senior Android Software Developer,1500000,4.1
Senior Applications Database Administrator,1000000,3.4
Senior Associate - Java Developer,1000000,4.0
Senior Automation Test Engineer,800000,4.1
Senior Backend Developer,4200000,2.1
Senior Backend Engineer,5200000,2.7
Senior Backend Software Engineer,3000000,3.6
Senior Clinical Database Programmer,576000,3.8
Senior Core Java Developer,1000000,4.0
Senior DB2 Database Administrator,1700000,3.3
Senior DBA,1000000,3.9
Senior Database Administrator,7700000,3.1
Senior Database Administrator (DBA),1300000,4.4
Senior Database Administrator (Database Administrator),3800000,3.8
Senior Database Administrator - Contractor,600000,3.9
Senior Database Administrator Contractor,660000,2.9
Senior Database Analyst,1700000,3.7
Senior Database Architect,2100000,4.0
Senior Database Developer,1300000,3.5
Senior Database Developer Contractor,516000,3.2
Senior Database Engineer,2000000,3.3
Senior Database Programmer,1300000,4.0
Senior Developer - Front End,1000000,3.9
Senior Developer Mobile Solutions,1200000,3.9
Senior Developer Mobile Solutions L2,200000,3.9
"Senior Developer, Software Development Engineer II",1500000,3.8
Senior Engineer - Android,1000000,3.8
Senior Engineer - Software Development,2500000,3.6
Senior Front End Developer,10000000,3.2
Senior Front End Developer & Solution Architect,2300000,3.3
Senior Front End Developer - Contractor,400000,4.1
Senior Front End Engineer,3400000,3.6
Senior Front-End Engineer,1700000,4.0
Senior Front-end Developer,1900000,3.0
Senior Front-end Web Developer,700000,4.1
Senior Hybrid Mobile App Developer,700000,4.5
Senior IOS App Developer,996000,3.9
Senior IOS Architect,1700000,3.9
Senior IOS Developer,3800000,1.0
Senior IOS Developer - Contractor,1300000,3.6
Senior IOS Developer - Intern,500000,3.3
Senior IOS Developer Contractor,100000,5.0
Senior IOS Developer and Tech Lead,948000,2.9
"Senior IOS Developer, Mobile App Developer",700000,4.7
Senior IOS Engineer,2400000,3.7
Senior Java Backend Developer,1100000,3.5
Senior Java Develoiper,768000,3.7
Senior Java Developer,10000000,1.0
Senior Java Developer - Contractor,3900000,3.1
Senior Java Developer - Intern,600000,3.7
Senior Java Developer Contractor,480000,3.8
Senior Java Developer/Lead,1800000,3.3
Senior Java Programmer,1091904,3.7
Senior Java Software Engineer,1700000,3.7
Senior Java/J2EE Developer,3100000,2.8
Senior Lead Software Development Engineer,564000,4.4
Senior MS SQL DB Administrator,1000000,3.6
Senior Manager Software Development Engineering,5500000,3.9
"Senior Manager, Rakuten Mobile",600000,3.3
Senior Mobile Applications Developer,2600000,3.4
Senior Mobile Developer,6400000,3.9
Senior Mobile Engineer,1200000,4.4
Senior Mobile Engineer - Contractor,540000,3.5
Senior Mobile Product Manager,3400000,4.0
Senior MySQL Database Administrator,1500000,4.0
Senior Oracle Applications Database Administrator,1500000,3.8
Senior Oracle Database Administrator,3100000,3.1
Senior Oracle Database Administrator - Contractor,2500000,3.9
Senior Oracle Database Administrator Contractor,372000,3.9
Senior Oracle-DBA,2500000,3.3
Senior Postgresql Database Administrator,800000,3.7
Senior Project Lead - Software Development Engineer,2000000,4.0
Senior Python Developer,2600000,3.0
Senior Python Developer - Contractor,900000,3.0
Senior Python Developer/Software Engineer,744000,3.3
Senior Python Engineer,1800000,3.8
Senior Python Programmer,900000,4.5
Senior QA Tester,600000,4.1
Senior QA Tester - Contractor,300000,4.1
Senior SQL Server Database Administrator,2300000,3.4
Senior Software Development Engineer,8400000,2.4
Senior Software Development Engineer (Senior SDE),5000000,3.9
Senior Software Development Engineer - Contractor,1400000,4.2
Senior Software Development Engineer - Intern,504000,3.8
Senior Software Development Engineer At Microsoft,2500000,4.4
Senior Software Development Engineer Contractor,876000,3.6
Senior Software Development Engineer I,1700000,3.8
Senior Software Development Engineer II,2400000,3.8
Senior Software Development Engineer III,200000,4.2
Senior Software Development Engineer In Test,3400000,3.1
Senior Software Development Engineer In Test (SDET),3700000,3.1
Senior Software Development Engineer In Test - Intern,2200000,3.9
Senior Software Development Engineer In Test Contractor,27456,3.8
Senior Software Development Engineer In Test Lead,1700000,3.9
Senior Software Development Engineer Lead,4000000,3.9
Senior Software Development Engineer TEST,3200000,3.8
Senior Software Development Test Engineer II,1800000,4.6
Senior Software Engineer (Android/Mobility),900000,4.1
Senior Software Engineer (Development Lead),2800000,4.4
Senior Software Engineer (IOS),2400000,2.5
Senior Software Engineer (Java),1200000,4.2
Senior Software Engineer - Android,2000000,4.1
Senior Software Engineer - Front End,1100000,4.3
Senior Software Engineer - Front End Developer,288000,3.3
Senior Software Engineer - IOS,768000,4.6
Senior Software Engineer - Java,1600000,3.9
Senior Software Engineer - Java Developer,8000000,2.8
Senior Software Engineer - Java Developer - Contractor,400000,3.9
Senior Software Engineer - Online Development,600000,2.9
Senior Software Engineer - Product Development,1700000,3.8
Senior Software Engineer - Test Automation,1500000,3.9
Senior Software Engineer - Testing,600000,3.8
Senior Software Engineer With HSBC Software Development India Pvt Ltd,1200000,4.0
"Senior Software Engineer, Android",816000,4.3
"Senior Software Engineer, Product Development",800000,3.8
Senior Software Engineer- IOS Developer,1300000,4.3
Senior Software Engineer-game Development,1500000,2.9
Senior Software JAVA Developer,1500000,3.8
Senior Software Test Engineer,1700000,2.9
Senior Software Testing Engineer,700000,3.9
Senior Staff Software Development Engineer,2700000,3.5
Senior Test Analyst,800000,3.3
Senior Test Automation Engineer,600000,3.3
Senior Test Engineer,1200000,3.0
Senior Test Engineer - Contractor,500000,4.0
Senior Test Engineer - Software Development Engineer In Test,700000,4.0
Senior Test Lead,400000,3.7
Senior Testing Engineer,900000,3.7
Senior Testing Executive,300000,3.3
Senior Web and Mobile Applications Developer,576000,4.7
"Senior, Android Developer",900000,4.7
Software & Android Developer,2200000,3.9
Software Backend Developer,1200000,4.3
Software Backend Engineer,900000,4.3
Software Design Engineer II - Software Development Engineer II,1100000,3.9
Software Developer (Android),400000,3.7
Software Developer (Android) - Intern,600000,4.4
Software Developer (Backend Engineer),1100000,3.8
Software Developer (Backend Node Js),372000,4.3
Software Developer (Backend),3200000,3.8
Software Developer (IOS Developer),300000,4.2
Software Developer (Java Developer),2100000,4.2
Software Developer - Android,132000,4.2
Software Developer - Android Developer,400000,4.0
Software Developer - Python(Fresher),648000,2.2
"Software Developer, Front End",300000,3.3
Software Development Associate Engineer,1100000,3.5
Software Development Associate Engineer I,1100000,3.5
Software Development Engineer,8700000,1.0
Software Development Engineer (SDE III),100000,4.4
Software Development Engineer (SDE),90000000,1.0
Software Development Engineer (SDE) (Backend),1100000,3.8
Software Development Engineer (SDE) - Contractor,4800000,3.8
Software Development Engineer (SDE) - Intern,2050000,2.4
Software Development Engineer (SDE) Contractor,876000,3.5
Software Development Engineer (SDE) I,3300000,2.5
Software Development Engineer (SDE) II,9700000,2.6
Software Development Engineer (SDE) II - Contractor,1200000,4.1
Software Development Engineer (SDE) II - Intern,228000,4.5
Software Development Engineer (SDE) III,6200000,3.7
Software Development Engineer (SDE1),2100000,2.9
Software Development Engineer (SDE1) - Intern,1900000,3.3
Software Development Engineer (Test Automation Research Lab),312000,3.7
Software Development Engineer (Test),900000,4.2
Software Development Engineer - Contractor,3300000,2.6
Software Development Engineer - I,1500000,3.8
Software Development Engineer - II,2800000,3.8
Software Development Engineer - II (IOS),900000,4.6
Software Development Engineer - III,1400000,4.2
Software Development Engineer - Intern,2700000,1.0
Software Development Engineer - Java Specialist,1900000,3.8
Software Development Engineer - McAfee,200000,3.7
Software Development Engineer - Process Automation,300000,3.4
Software Development Engineer - Web,700000,4.2
Software Development Engineer -1,1800000,3.8
Software Development Engineer -2,2700000,3.3
Software Development Engineer -3,4600000,3.8
Software Development Engineer Contractor,912000,3.0
Software Development Engineer Development Lead,2000000,4.4
Software Development Engineer I,2900000,1.0
Software Development Engineer I - Contractor,1600000,3.7
Software Development Engineer I - Intern,1400000,3.6
Software Development Engineer I - QA,900000,3.8
Software Development Engineer I Contractor,372000,3.3
Software Development Engineer II,3900000,2.8
Software Development Engineer II - Intern,672000,4.4
Software Development Engineer II In Test,2900000,3.7
Software Development Engineer III,4500000,3.0
Software Development Engineer III (SDEIII),3400000,4.6
Software Development Engineer IN3,2500000,4.0
Software Development Engineer IV,2700000,3.6
Software Development Engineer In Test,3300000,2.3
Software Development Engineer In Test (SDET),9400000,1.9
Software Development Engineer In Test (SDET) - Contractor,1152000,3.3
Software Development Engineer In Test (SDET) - Intern,3400000,3.3
Software Development Engineer In Test (SDET) Contractor,696000,3.3
Software Development Engineer In Test (SDET) I,2200000,3.8
Software Development Engineer In Test (SDET) I - Intern,444000,3.9
Software Development Engineer In Test (SDET) II,3300000,2.4
Software Development Engineer In Test (SDET) II - Contractor,2100000,3.8
Software Development Engineer In Test (SDET) III,2000000,3.3
Software Development Engineer In Test (SDET) V,1000000,4.4
Software Development Engineer In Test - Contractor,1000000,4.0
Software Development Engineer In Test - Intern,732000,3.6
Software Development Engineer In Test Contractor,2000000,4.0
Software Development Engineer In Test Engineer and Selenium Automation Engineer,1000000,3.8
Software Development Engineer In Test Functional,1200000,4.2
Software Development Engineer In Test I,1400000,3.3
Software Development Engineer In Test II,2900000,3.3
Software Development Engineer In Test III,1400000,4.0
Software Development Engineer In Test Lead,1700000,3.9
Software Development Engineer In Test Lead - Contractor,2000000,3.3
Software Development Engineer In Test Level II,600000,3.8
Software Development Engineer In Test Level III,744000,3.8
"Software Development Engineer In Test, II",2900000,4.4
Software Development Engineer In Testing,1000000,3.1
Software Development Engineer In Testing - Contractor,800000,3.9
Software Development Engineer In Testing - Intern,576000,3.9
Software Development Engineer Microsoft,3300000,4.4
Software Development Engineer Staff,3400000,3.5
Software Development Engineer Trainee,1000000,3.9
Software Development Engineer Trainee I,300000,3.3
Software Development Engineer for Oyo,1000000,3.4
Software Development Engineer(II Months) - Intern,552000,3.8
Software Development Engineer(SDE),1200000,3.8
Software Development Engineer(SDE) - Intern,972000,3.7
"Software Development Engineer, Associate",300000,3.3
"Software Development Engineer, Test - Intern",468000,3.8
Software Development Engineer-1,1800000,3.3
Software Development Engineer-1 - Intern,576000,3.8
Software Development Engineer-I,2100000,3.4
Software Development Engineer-II,3200000,3.3
Software Development Engineer-III,3900000,3.3
Software Development Engineer-quality,912000,4.1
Software Development Engineer/Hacker,264000,3.8
Software Development Engineering - Intern,444000,4.4
Software Development Engineering Professional,900000,3.3
"Software Development Engineering, Analyst",1400000,3.3
"Software Development Engineering, Trainee",400000,3.3
Software Development Enginees,1000000,4.0
Software Development Enginner-||,1400000,3.5
Software Development Senior Engineer,2700000,3.9
Software Development Staff Engineer,2600000,4.3
Software Development Test Engineer,1800000,3.5
Software Development Test Engineer I,1500000,3.7
Software Enggineer- Product Development,456000,3.9
Software Engineer ( Java ),996000,5.0
Software Engineer (Android Developer),600000,4.1
Software Engineer (Backend),1200000,3.7
Software Engineer (Dot Net Development),360000,4.1
Software Engineer (Front-end Developer),1700000,4.4
Software Engineer (IOS),1100000,2.9
Software Engineer (Ios Developer),2800000,2.2
Software Engineer (Ios Developer) - Intern,96000,3.8
Software Engineer (Ios Developer) Contractor,636000,4.9
Software Engineer (Java Developer) - Intern,336000,3.9
Software Engineer (Python/Django) - Intern,108000,4.2
Software Engineer - Android,1400000,3.5
Software Engineer - Backend,800000,3.4
Software Engineer - Database,1056000,4.1
Software Engineer - Development,600000,3.5
Software Engineer - Front End,2000000,3.7
Software Engineer - IOS,1400000,3.7
Software Engineer - Java,384000,3.5
Software Engineer - Java Developer,3900000,2.5
Software Engineer - Java Developer - Contractor,300000,3.9
Software Engineer - Java Developer - Intern,2019072,4.1
Software Engineer - Java Developer Contractor,300000,3.8
Software Engineer - Mobile IOS,2000000,4.3
Software Engineer - Product Development,500000,3.8
Software Engineer Android,800000,3.8
Software Engineer Backend - Intern,348000,3.8
Software Engineer Development,800000,3.5
Software Engineer III - IOS,540000,3.5
Software Engineer III - Product Development,2100000,4.1
Software Engineer In Test,900000,4.1
Software Engineer Java,700000,3.7
Software Engineer Python - Machine Learning Role,400000,4.1
Software Engineer Research and Development,600000,3.6
Software Engineer Web Development,700000,4.3
Software Engineer(Android),600000,4.0
Software Engineer(Backend Developer),300000,2.4
Software Engineer(Development),800000,3.9
Software Engineer(IOS Developer),700000,3.0
Software Engineer(Java Developer),200000,3.6
"Software Engineer(PHP, Python, React, Laravel, Js)",400000,5.0
Software Engineer(Python Developer),1800000,4.1
Software Engineer(Python Programmer),1500000,4.1
"Software Engineer, Backend",3000000,2.3
"Software Engineer, Backend - Contractor",3500000,3.3
"Software Engineer, Backend - Intern",876000,3.2
"Software Engineer, Product Development (Web UI Developer)",900000,4.3
Software Engineer-Product Development,800000,3.8
Software QA Test Engineer,408000,3.3
Software QA Tester,500000,3.8
Software Quality Assurance Engineer and Testers,400000,3.8
Software Test Analyst,420000,3.3
Software Test Automation Engineer,600000,3.8
Software Test Engineer,1400000,2.5
Software Test Engineer - Contractor,700000,3.3
Software Test Specialist,400000,4.1
Software Tester,600000,3.3
Software Tester - Contractor,300000,3.9
Software Tester Contractor,204000,4.1
Software Testing,180000,3.9
Software Testing Engineer,1300000,3.3
Software Tools Development Engineer,1200000,4.7
Specialist Backend Developer,2500000,3.6
Specialist Software Development Engineer,3300000,3.3
Sr Android Engineer,2000000,3.9
Sr Android developer,1400000,2.0
Sr Backend Software Engineer,700000,3.8
Sr Database Administrator,1600000,3.7
Sr Front-End Engineer,1800000,3.6
Sr IT Software Development Engineer in Test,2700000,4.4
Sr Oracle Database Administrator,2600000,3.9
Sr Software Development Engineer,5600000,3.2
Sr Software Development Engineer in Test,1700000,3.6
Sr Test Engineer,700000,3.6
Sr iOS Developer,1900000,2.3
Sr iOS Developer - Contractor,2000000,3.7
Sr. Android Developer,4200000,3.5
Sr. Database Administrator,600000,3.7
Sr. Database Engineer,2900000,4.0
Sr. Front End Developer,2400000,2.6
Sr. Front End Developer - Contractor,1100000,3.8
Sr. IOS Engineer,1200000,3.8
Sr. Java/J2EE Developer,1000000,3.6
Sr. Mobile Applications Developer,2800000,3.9
Sr. Python Developer/Software Engineer,1100000,4.1
Sr. Software Development Engineer in Test,1700000,4.1
Sr. Test Analyst,800000,3.8
Sr. iOS Developer,800000,3.1
Staff Software Development Engineer,8600000,3.1
Staff Software Development Engineer In Test,1500000,4.1
Sybase Database Administrator,2200000,3.8
Sybase Database Administrator - Contractor,500000,3.5
Systems Developer/Python Developer,1400000,1.4
Systems Developer/Python Developer - Contractor,400000,4.6
Systems Developer/Python Developer - Intern,144000,3.0
Systems Test Engineer,1200000,3.9
TECHNICAL LEAD - Software Development Engineer In Test,1400000,4.0
Team Lead IOS,1700000,3.9
Team Lead-DBA,2500000,3.6
Team Lead/Senior Java Developer,744000,3.3
Tech Lead - IOS,2100000,4.2
Tech Lead Front End,2400000,3.7
Tech Lead- Android Applications Developer,3800000,4.0
Techlead Java,300000,3.9
Technical Java Lead Developer,1300000,3.6
Technical Lead - Java,1400000,3.3
Technical Lead - Java/J2EE,576000,3.6
Technical Test Lead,200000,3.3
Technology Analyst - Python Developer,600000,3.3
Teradata Database Administrator,400000,3.8
Test Analyst,1200000,3.3
Test Architect,1600000,4.1
Test Automation Engineer,800000,3.3
Test Automation Specialist,1300000,4.1
Test Engineer,5200000,1.0
Test Engineer - Contractor,2500000,2.9
Test Engineer - Intern,6600000,3.0
Test Engineer Analyst,300000,4.1
Test Engineer Contractor,1080000,2.3
Test Engineer II,420000,3.8
Test Engineer Senior Analyst,800000,4.1
Test Engineering Analyst,500000,4.1
Test Engineering Senior Analyst,600000,4.1
Test Engineering Team Lead,500000,4.1
Test Lead,1000000,2.8
Test Manager,1500000,3.3
Test Solutions Engineer,900000,3.9
Test Specialist,300000,4.0
Tester,996000,3.3
"Tester-Java, Selenium",400000,3.9
Testing Engineer,600000,3.0
Testing Engineering Analyst,400000,4.1
Testing Executive,120000,3.3
Total Exp: IV III In IOS,800000,3.8
Trainee Android Developer,300000,4.6
Trainee Engineer – Software Development,600000,3.9
Trainee Java Developer,288000,4.2
Trainee Junior Python Developer,228000,4.1
Trainee Software Development Engineer,400000,3.8
Trainee Test Engineer - Contractor,200000,3.6
UI Developer/Front End Developer,1200000,3.8
UI Front End Developer,1600000,4.3
UI/Front End Developer,1000000,3.5
UI/UX Designer & Front End Developer,200000,3.6
UI/User Experience Designer & Front End Developer,600000,4.6
Web Developer,4400000,1.0
Web Developer (Front-end),1096128,4.0
Web Developer - Contractor,1300000,3.4
Web Developer - Intern,1200000,1.8
Web Developer Contractor,408000,3.5
"Web Developer, Python Developer",300000,4.1
Web Developer/Android Developer - Intern,800000,4.1
Xamarin Mobile Developer,900000,3.4
oracle dba,2300000,3.9
